name,geometry,lon,lat
Broken Hill (C),"c(141.482172127391, -31.94272294054)",141.48217212739058,-31.94272294053999
Waroona (S),"c(115.919156435452, -32.8590225800856)",115.9191564354523,-32.8590225800856
Toowoomba (R),"c(151.535983731393, -27.5817098178237)",151.53598373139343,-27.581709817823686
West Arthur (S),"c(116.737612261685, -33.4586070164588)",116.7376122616847,-33.458607016458835
Moreton Bay (R),"c(152.883740222448, -27.1188066351707)",152.88374022244776,-27.118806635170667
Etheridge (S),"c(143.655869028753, -18.5028930338122)",143.65586902875285,-18.502893033812175
Cleve (DC),"c(136.283405143328, -33.6516697361787)",136.28340514332822,-33.651669736178704
Torres Strait Island (R),"c(142.228070432009, -10.1548799161595)",142.22807043200947,-10.154879916159528
Yorke Peninsula (DC),"c(137.562845522277, -34.6786096537568)",137.56284552227737,-34.67860965375682
Melbourne (C),"c(144.942998991322, -37.8155117295919)",144.94299899132213,-37.815511729591925
Wattle Range (DC),"c(140.521518543336, -37.4698298204286)",140.52151854333624,-37.469829820428586
Goomalling (S),"c(116.781318355338, -31.239413534142)",116.78131835533756,-31.239413534142013
Woodanilling (S),"c(117.328772265572, -33.5347520330324)",117.32877226557197,-33.5347520330324
Victoria Plains (S),"c(116.320369470511, -31.0174162182109)",116.32036947051088,-31.017416218210894
Lower Eyre Peninsula (DC),"c(135.596228165746, -34.4087289126353)",135.59622816574642,-34.40872891263533
Gwydir (A),"c(150.516341739553, -29.5905094022946)",150.516341739553,-29.59050940229461
Fairfield (C),"c(150.897372025902, -33.8645929004512)",150.89737202590163,-33.86459290045115
Liverpool Plains (A),"c(150.438221890244, -31.5489647343399)",150.4382218902439,-31.54896473433993
Katherine (T),"c(132.197404682261, -14.6906641012438)",132.19740468226104,-14.690664101243764
Swan Hill (RC),"c(143.121824285194, -35.1211535177646)",143.12182428519446,-35.121153517764625
Parkes (A),"c(147.961440877912, -32.8821029765729)",147.96144087791205,-32.88210297657291
Peppermint Grove (S),"c(115.767508435174, -31.9990699775436)",115.76750843517351,-31.999069977543606
Ravensthorpe (S),"c(120.138446455744, -33.6164177293115)",120.13844645574389,-33.616417729311465
Launceston (C),"c(147.308180435558, -41.3638244922668)",147.3081804355577,-41.3638244922668
Alexandrina (DC),"c(138.875335123456, -35.3532045824982)",138.8753351234564,-35.35320458249824
Southern Downs (R),"c(151.88839943391, -28.4020741248234)",151.88839943391022,-28.402074124823418
Tweed (A),"c(153.362337132332, -28.3592222885371)",153.36233713233173,-28.359222288537087
Holdfast Bay (C),"c(138.519384169172, -34.9937566018712)",138.5193841691716,-34.99375660187125
Kangaroo Island (DC),"c(137.234787995572, -35.8290926337989)",137.23478799557216,-35.82909263379892
Croydon (S),"c(142.213809806413, -18.551435669176)",142.21380980641348,-18.551435669176037
Northam (S),"c(116.63857024765, -31.6877102647987)",116.63857024764975,-31.687710264798675
Murrindindi (S),"c(145.62797936924, -37.312194770042)",145.62797936923974,-37.312194770041955
Laverton (S),"c(125.400260695395, -27.9029030000978)",125.40026069539462,-27.902903000097815
Longreach (R),"c(143.958233493272, -23.7174330279655)",143.95823349327188,-23.717433027965498
Huon Valley (M),"c(146.598884042979, -43.2462768095442)",146.59888404297863,-43.24627680954422
Weddin (A),"c(148.010603751493, -33.8731209332694)",148.01060375149297,-33.87312093326941
Armadale (C),"c(116.140210312364, -32.1675387593652)",116.14021031236415,-32.1675387593652
Kulin (S),"c(118.574970831751, -32.718560060104)",118.57497083175137,-32.718560060103954
Perenjori (S),"c(116.613067100771, -29.4439157228897)",116.61306710077123,-29.443915722889724
Port Phillip (C),"c(144.970848387261, -37.8635909216262)",144.97084838726073,-37.86359092162624
Walgett (A),"c(148.194578087725, -29.8156370218513)",148.19457808772458,-29.815637021851305
Pyrenees (S),"c(143.373290541237, -37.314034694549)",143.37329054123728,-37.31403469454905
Vincent (C),"c(115.85704233198, -31.9368402642638)",115.85704233198048,-31.93684026426376
Maralinga Tjarutja (AC),"c(130.940017405513, -29.3300043960525)",130.94001740551326,-29.330004396052455
Warren (A),"c(147.67680111186, -31.3215455719845)",147.67680111185967,-31.32154557198452
Buloke (S),"c(143.004888312353, -35.9134231072484)",143.00488831235273,-35.9134231072484
Bayside (A),"c(151.162020796434, -33.957572361565)",151.16202079643404,-33.95757236156496
Gold Coast (C),"c(153.321544921665, -27.9875184851505)",153.32154492166535,-27.987518485150503
Forbes (A),"c(147.869909241503, -33.4242447610205)",147.8699092415028,-33.424244761020546
Rockhampton (R),"c(150.214556851997, -23.4386359353859)",150.21455685199717,-23.43863593538593
Bass Coast (S),"c(145.573014745551, -38.5098659737851)",145.57301474555103,-38.50986597378513
Claremont (T),"c(115.773436756532, -31.9891960252723)",115.77343675653162,-31.989196025272328
Griffith (C),"c(146.004777748008, -34.2968035987347)",146.0047777480075,-34.296803598734655
Kowanyama (S),"c(141.81337815548, -15.3209545194173)",141.81337815547963,-15.320954519417283
Murweh (S),"c(146.490782272995, -26.1890758120656)",146.49078227299506,-26.18907581206561
Lockyer Valley (R),"c(152.240940030421, -27.6377894628059)",152.2409400304206,-27.637789462805944
Bayswater (C),"c(115.904256735193, -31.9052147109777)",115.90425673519252,-31.90521471097768
Cambridge (T),"c(115.790496515154, -31.9321632556509)",115.79049651515419,-31.93216325565087
Kalamunda (C),"c(116.120754045595, -32.0134313665481)",116.12075404559538,-32.0134313665481
Mundaring (S),"c(116.257402457467, -31.9063778122337)",116.25740245746668,-31.906377812233725
Nedlands (C),"c(115.785465432919, -31.9694174121022)",115.78546543291884,-31.969417412102185
Perth (C),"c(115.840835417518, -31.9614714410856)",115.84083541751804,-31.96147144108563
Subiaco (C),"c(115.819879957368, -31.9518444559201)",115.81987995736785,-31.95184445592008
Wanneroo (C),"c(115.767952310432, -31.6145782118071)",115.76795231043211,-31.61457821180707
Meekatharra (S),"c(118.867310983099, -25.1336149050752)",118.86731098309858,-25.133614905075206
Mount Remarkable (DC),"c(138.203184399656, -32.7567163090314)",138.20318439965573,-32.7567163090314
Orroroo/Carrieton (DC),"c(138.639935872041, -32.5186698954013)",138.6399358720415,-32.51866989540127
Bruce Rock (S),"c(118.029467361217, -31.9495659699226)",118.02946736121653,-31.949565969922613
Central Desert (R),"c(132.382101012401, -21.49507060382)",132.38210101240065,-21.49507060382005
North Burnett (R),"c(151.20265879848, -25.349745557651)",151.20265879847966,-25.349745557650998
Barcoo (S),"c(142.268180966656, -25.1304953933481)",142.2681809666558,-25.130495393348127
Goyder (DC),"c(139.072530496647, -33.6461448997997)",139.0725304966468,-33.64614489979967
Port Pirie City and Dists (M),"c(138.103815653378, -33.3740209822305)",138.10381565337818,-33.37402098223049
Narromine (A),"c(148.064097849619, -32.2261489933352)",148.0640978496191,-32.22614899333523
Wyndham (C),"c(144.619458251456, -37.8855711388822)",144.61945825145568,-37.88557113888217
Mansfield (S),"c(146.209154901805, -37.1964780437191)",146.2091549018051,-37.196478043719075
Winton (S),"c(142.428358348491, -22.5373088693382)",142.42835834849112,-22.537308869338162
Wongan-Ballidu (S),"c(116.847902239804, -30.7152244983877)",116.84790223980437,-30.715224498387702
Burke (S),"c(138.945530931, -18.0299573277248)",138.94553093099975,-18.02995732772482
Moorabool (S),"c(144.215101508992, -37.6312599132943)",144.2151015089925,-37.63125991329432
Serpentine-Jarrahdale (S),"c(116.033051918597, -32.3431880936091)",116.03305191859711,-32.343188093609086
Moora (S),"c(116.188203987128, -30.4989363002095)",116.1882039871279,-30.498936300209532
Wollongong (C),"c(150.84194819183, -34.3616382795854)",150.84194819182966,-34.361638279585385
Eurobodalla (A),"c(149.951926993824, -35.9430154481894)",149.9519269938238,-35.94301544818939
Gosnells (C),"c(115.994062934841, -32.0683500505303)",115.99406293484091,-32.06835005053026
Gilgandra (A),"c(148.686244986797, -31.6177613711444)",148.68624498679694,-31.61776137114435
Dowerin (S),"c(117.110810915352, -31.1069526117811)",117.11081091535175,-31.106952611781143
Newcastle (C),"c(151.699773574998, -32.8789891479587)",151.69977357499826,-32.87898914795872
Bathurst Regional (A),"c(149.524373011919, -33.4319829373387)",149.5243730119189,-33.431982937338745
Coomalie (S),"c(131.085239113559, -13.1276112005172)",131.0852391135591,-13.127611200517203
Colac-Otway (S),"c(143.595786366739, -38.4468930894625)",143.59578636673893,-38.4468930894625
Cranbrook (S),"c(117.280578184575, -34.3156989108802)",117.28057818457489,-34.31569891088024
Kondinin (S),"c(119.182826244913, -32.4271780780308)",119.18282624491289,-32.42717807803082
Wudinna (DC),"c(135.313042872522, -33.0273508302949)",135.31304287252183,-33.027350830294885
Coorow (S),"c(115.760139960477, -30.0208814787284)",115.76013996047689,-30.020881478728356
Murchison (S),"c(116.301413672204, -26.7487981913923)",116.30141367220443,-26.74879819139234
Mingenew (S),"c(115.483652953472, -29.1577719724261)",115.48365295347178,-29.157771972426104
Mount Isa (C),"c(138.779926337426, -19.9525959257054)",138.77992633742568,-19.95259592570536
Moreland (C),"c(144.945221764689, -37.7346775909715)",144.94522176468925,-37.73467759097154
Clare and Gilbert Valleys (DC),"c(138.733128741573, -33.9975124618694)",138.733128741573,-33.99751246186939
Capel (S),"c(115.638407952033, -33.5301711742052)",115.63840795203316,-33.5301711742052
Leonora (S),"c(121.143314776908, -28.2139219000009)",121.14331477690773,-28.213921900000855
Burnside (C),"c(138.655391855135, -34.9404464491272)",138.65539185513475,-34.94044644912719
Wyndham-East Kimberley (S),"c(127.058892664015, -15.5632643832373)",127.05889266401473,-15.563264383237277
Wakefield (DC),"c(138.353306457769, -33.9952124205499)",138.35330645776895,-33.9952124205499
Blacktown (C),"c(150.861310216762, -33.7503166088938)",150.86131021676212,-33.75031660889384
Glen Eira (C),"c(145.041230230918, -37.8982770165013)",145.04123023091833,-37.89827701650129
East Pilbara (S),"c(123.591871699106, -21.7835007729556)",123.5918716991061,-21.783500772955644
Wellington (S),"c(146.920575849269, -37.8833476471646)",146.92057584926906,-37.883347647164634
Narembeen (S),"c(118.65353408431, -32.0457085339715)",118.65353408431002,-32.045708533971535
Exmouth (S),"c(114.16455512502, -22.5232105899608)",114.16455512501952,-22.523210589960794
Surf Coast (S),"c(144.057370409216, -38.3142034078652)",144.05737040921574,-38.31420340786522
Glenelg (S),"c(141.382713856966, -37.8728098259617)",141.38271385696558,-37.872809825961696
Sutherland Shire (A),"c(151.039428035189, -34.0747233621582)",151.03942803518876,-34.074723362158224
Tatiara (DC),"c(140.584505814759, -36.2241357572682)",140.58450581475904,-36.22413575726819
Doomadgee (S),"c(138.782632439473, -17.5934175856529)",138.78263243947285,-17.593417585652915
Cabonne (A),"c(148.756540040475, -33.151903103137)",148.75654004047482,-33.15190310313704
Moonee Valley (C),"c(144.893205732151, -37.7579815675126)",144.89320573215102,-37.757981567512566
Singleton (A),"c(150.965217391895, -32.6647236261663)",150.96521739189478,-32.66472362616632
Mukinbudin (S),"c(118.309788512454, -30.6311361365918)",118.30978851245376,-30.631136136591774
Burwood (A),"c(151.103495149483, -33.8840753401999)",151.10349514948302,-33.88407534019986
Tumby Bay (DC),"c(136.019765969228, -34.180328881685)",136.0197659692275,-34.18032888168498
Upper Gascoyne (S),"c(116.357679676111, -24.7262483648662)",116.35767967611142,-24.726248364866215
Mitcham (C),"c(138.622259881532, -34.9970597105666)",138.62225988153173,-34.99705971056659
Moyne (S),"c(142.489601746223, -38.1222911671173)",142.4896017462229,-38.122291167117325
Dungog (A),"c(151.599503163806, -32.3408876962609)",151.59950316380602,-32.340887696260936
Central Goldfields (S),"c(143.712695382696, -37.0123925222393)",143.71269538269576,-37.01239252223931
King Island (M),"c(143.985512710852, -39.8601443856406)",143.98551271085245,-39.860144385640595
Tammin (S),"c(117.49752455782, -31.6064519981373)",117.4975245578196,-31.60645199813734
Karoonda East Murray (DC),"c(140.020319669611, -34.9497988581685)",140.0203196696109,-34.94979885816852
Sunshine Coast (R),"c(152.893103018272, -26.6942922258669)",152.89310301827203,-26.69429222586686
Hawkesbury (C),"c(150.774156147484, -33.3449058133067)",150.7741561474839,-33.34490581330671
Busselton (C),"c(115.358303297697, -33.7217154661517)",115.35830329769654,-33.72171546615167
Donnybrook-Balingup (S),"c(115.970542945416, -33.6710144048235)",115.97054294541648,-33.671014404823474
Casey (C),"c(145.307641630458, -38.0993492225924)",145.30764163045816,-38.09934922259244
Yarra Ranges (S),"c(145.69399007199, -37.7138436487893)",145.6939900719898,-37.713843648789265
Weipa (T),"c(141.865287410075, -12.6395922767584)",141.8652874100753,-12.639592276758407
Dandaragan (S),"c(115.507117223466, -30.5405576527889)",115.50711722346601,-30.540557652788916
Dardanup (S),"c(115.849992529308, -33.4149394980087)",115.84999252930803,-33.41493949800868
Berri and Barmera (DC),"c(140.491131920153, -34.2588360650332)",140.49113192015324,-34.258836065033215
Dumbleyung (S),"c(117.956190698784, -33.2228489536416)",117.95619069878386,-33.222848953641574
Port Hedland (T),"c(118.673443233763, -20.9288196376991)",118.67344323376311,-20.92881963769907
Rockingham (C),"c(115.789439882915, -32.3551211590149)",115.78943988291533,-32.35512115901487
Three Springs (S),"c(115.572648544687, -29.5239999544553)",115.57264854468696,-29.523999954455338
West Tamar (M),"c(146.859716649226, -41.2865466400678)",146.85971664922616,-41.28654664006777
Torres (S),"c(142.416876565206, -10.8462684702239)",142.41687656520637,-10.846268470223936
Mid Murray (DC),"c(139.463575740295, -34.4470604555668)",139.46357574029457,-34.447060455566806
Lithgow (C),"c(150.178968341891, -33.2806957700031)",150.1789683418906,-33.280695770003135
Mount Magnet (S),"c(117.98157905462, -28.2441824396522)",117.98157905462014,-28.244182439652196
Kentish (M),"c(146.187513003165, -41.4510652767785)",146.18751300316515,-41.45106527677847
Victor Harbor (C),"c(138.546201422366, -35.5143249753837)",138.54620142236635,-35.514324975383744
Hobsons Bay (C),"c(144.851434328374, -37.8455936401643)",144.85143432837407,-37.84559364016425
Penrith (C),"c(150.717651034705, -33.7703567891835)",150.71765103470528,-33.77035678918349
Barcaldine (R),"c(145.692678697927, -23.1152059630257)",145.69267869792705,-23.115205963025673
Wiluna (S),"c(122.251856223936, -25.3091986625428)",122.25185622393623,-25.30919866254275
Lake Macquarie (C),"c(151.529539662277, -33.0306261520256)",151.52953966227685,-33.0306261520256
Greater Bendigo (C),"c(144.424857556301, -36.73156235314)",144.42485755630057,-36.731562353140006
Gympie (R),"c(152.459048059519, -26.1500212810691)",152.45904805951898,-26.150021281069073
Livingstone (S),"c(150.192552666956, -22.8036796495114)",150.19255266695575,-22.80367964951137
Joondalup (C),"c(115.762830612092, -31.7817609459492)",115.76283061209227,-31.781760945949177
Upper Lachlan Shire (A),"c(149.449798269319, -34.4157469147985)",149.44979826931888,-34.415746914798525
Gawler (T),"c(138.734619224365, -34.6073931248576)",138.73461922436493,-34.60739312485761
Southern Grampians (S),"c(142.028244385274, -37.5358503431042)",142.02824438527372,-37.535850343104165
Horsham (RC),"c(142.092605628473, -36.8243980084177)",142.09260562847345,-36.82439800841769
Brimbank (C),"c(144.80489600914, -37.7461247518398)",144.8048960091402,-37.746124751839844
Lachlan (A),"c(146.992311521112, -32.9194534809151)",146.99231152111173,-32.91945348091513
Oberon (A),"c(149.814933856361, -33.8877347472671)",149.81493385636065,-33.88773474726709
Nambucca (A),"c(152.768404214468, -30.6825312473019)",152.7684042144681,-30.682531247301892
Kojonup (S),"c(117.047988954529, -33.9091313391386)",117.04798895452879,-33.909131339138575
Bellingen (A),"c(152.732431852715, -30.4016114531113)",152.73243185271497,-30.401611453111336
Baw Baw (S),"c(146.130741284518, -37.9858777724229)",146.13074128451777,-37.9858777724229
Yalgoo (S),"c(117.046677602249, -28.5584657072306)",117.04667760224936,-28.55846570723062
Alice Springs (T),"c(133.85432144396, -23.7366978907188)",133.8543214439605,-23.736697890718816
Murray (S),"c(115.986741244999, -32.6205171184812)",115.98674124499856,-32.620517118481175
Napranum (S),"c(142.133641381182, -12.4932419121784)",142.13364138118197,-12.493241912178354
McKinlay (S),"c(141.588617823526, -20.5323068513439)",141.58861782352628,-20.532306851343854
Lockhart (A),"c(146.770873559636, -35.3314071374249)",146.7708735596355,-35.331407137424875
Yankalilla (DC),"c(138.340845860622, -35.5158664410422)",138.34084586062232,-35.515866441042185
Glamorgan/Spring Bay (M),"c(147.955009168634, -42.2591643318943)",147.9550091686342,-42.259164331894304
Adelaide (C),"c(138.598382231088, -34.922075209813)",138.59838223108824,-34.92207520981304
Beverley (S),"c(116.794559978345, -32.1748538174009)",116.79455997834503,-32.1748538174009
Clarence Valley (A),"c(152.753745251524, -29.6812054064929)",152.7537452515241,-29.681205406492875
Victoria Park (T),"c(115.902905679977, -31.9812208765255)",115.90290567997693,-31.981220876525537
Wentworth (A),"c(142.247674798565, -33.5717056976584)",142.24767479856538,-33.571705697658366
Clarence (C),"c(147.416621891615, -42.7896600623155)",147.4166218916145,-42.78966006231553
Wandering (S),"c(116.582797414219, -32.5500936138769)",116.58279741421876,-32.55009361387693
Port Adelaide Enfield (C),"c(138.587639756174, -34.8564712567387)",138.58763975617433,-34.85647125673868
East Arnhem (R),"c(135.725094586041, -12.9475869513652)",135.72509458604054,-12.94758695136519
Glenorchy (C),"c(147.219403997785, -42.839868195052)",147.21940399778492,-42.839868195051956
Coolgardie (S),"c(120.962192536991, -31.1859075834286)",120.96219253699093,-31.185907583428584
Cuballing (S),"c(117.161796066223, -32.7326782458934)",117.16179606622349,-32.73267824589336
Carnamah (S),"c(115.575729802157, -29.7734983080395)",115.57572980215748,-29.773498308039528
Strathbogie (S),"c(145.437078317588, -36.7616652967921)",145.4370783175878,-36.761665296792074
Isaac (R),"c(147.891633979693, -22.2380449101035)",147.89163397969287,-22.23804491010347
Knox (C),"c(145.257986788468, -37.8954033533212)",145.2579867884683,-37.89540335332118
Barunga West (DC),"c(137.951818341839, -33.7962332869686)",137.95181834183927,-33.796233286968615
Muswellbrook (A),"c(150.627923677308, -32.4409033684323)",150.62792367730847,-32.44090336843233
Grant (DC),"c(140.723539698199, -37.8460132498165)",140.7235396981986,-37.846013249816494
Tiwi Islands (R),"c(130.80943955546, -11.5571286695199)",130.8094395554599,-11.557128669519914
West Torrens (C),"c(138.547598502455, -34.9465036204935)",138.54759850245458,-34.946503620493495
Broomehill-Tambellup (S),"c(117.659441727026, -34.0049231329764)",117.65944172702645,-34.00492313297639
Toodyay (S),"c(116.377671243472, -31.4757392126665)",116.3776712434722,-31.475739212666532
Cessnock (C),"c(151.219447742829, -32.9304809693178)",151.2194477428291,-32.93048096931784
Northern Peninsula Area (R),"c(142.308488867721, -11.0080283946781)",142.30848886772097,-11.008028394678137
Loddon (S),"c(143.867294870806, -36.3655850646876)",143.867294870806,-36.365585064687636
Boulia (S),"c(139.246168545343, -22.479914110525)",139.246168545343,-22.47991411052503
Palmerston (C),"c(130.971502854793, -12.4891476087666)",130.9715028547935,-12.489147608766563
Berrigan (A),"c(145.709848882804, -35.7348022203424)",145.70984888280378,-35.73480222034235
Collie (S),"c(116.208842781561, -33.2829374045441)",116.20884278156099,-33.28293740454406
Whittlesea (C),"c(145.070522549075, -37.5453701544135)",145.0705225490749,-37.54537015441346
Loxton Waikerie (DC),"c(140.350219924801, -34.5069000135293)",140.35021992480102,-34.50690001352933
Manjimup (S),"c(116.327310331938, -34.5589712285886)",116.327310331938,-34.55897122858856
Flinders (M) (Tas.),"c(148.118063807855, -40.1123530761438)",148.1180638078546,-40.112353076143755
Latrobe (M) (Tas.),"c(146.566054501527, -41.236284964686)",146.56605450152668,-41.23628496468601
Latrobe (C) (Vic.),"c(146.437177440953, -38.2760641179196)",146.43717744095332,-38.27606411791959
Kingston (C) (Vic.),"c(145.10443065815, -37.9916774342581)",145.1044306581498,-37.991677434258065
Mitchell (S),"c(144.998155367743, -37.1375765018142)",144.99815536774253,-37.137576501814166
Adelaide Hills (DC),"c(138.836163904299, -34.8918386715067)",138.83616390429887,-34.89183867150666
Irwin (S),"c(115.091070314336, -29.324963664504)",115.09107031433615,-29.32496366450401
Mildura (RC),"c(141.678918971024, -34.86837905589)",141.67891897102376,-34.868379055889974
Hinchinbrook (S),"c(146.047767835486, -18.667052243737)",146.0477678354857,-18.667052243737047
Elliston (DC),"c(135.351538334211, -33.5617396429854)",135.35153833421103,-33.56173964298544
Menzies (S),"c(123.968633231084, -29.6083911696856)",123.96863323108445,-29.608391169685557
Dalwallinu (S),"c(116.945437032164, -30.1256877099302)",116.94543703216407,-30.125687709930183
Charters Towers (R),"c(145.784990240104, -20.1440594103439)",145.78499024010364,-20.14405941034386
Nillumbik (S),"c(145.227274624771, -37.623657255322)",145.22727462477144,-37.623657255321966
Coonamble (A),"c(148.291027828388, -30.8690044297904)",148.29102782838814,-30.8690044297904
Albany (C),"c(118.185937560373, -34.735459298519)",118.18593756037276,-34.73545929851904
Devonport (C),"c(146.304571314924, -41.2071493992417)",146.3045713149239,-41.20714939924169
Cobar (A),"c(145.479418984894, -31.8664334903336)",145.47941898489375,-31.866433490333566
Byron (A),"c(153.483036974894, -28.6040579783465)",153.4830369748937,-28.604057978346507
Benalla (RC),"c(146.02406965151, -36.5861884290892)",146.02406965151,-36.58618842908918
Golden Plains (S),"c(143.844152589644, -37.8830920480007)",143.84415258964412,-37.883092048000705
Playford (C),"c(138.665659462417, -34.682151250632)",138.66565946241718,-34.68215125063198
Morawa (S),"c(116.018201358729, -29.0684774340936)",116.01820135872921,-29.068477434093566
Plantagenet (S),"c(117.565078923437, -34.5958188563686)",117.56507892343674,-34.595818856368616
Wyalkatchem (S),"c(117.433121237609, -31.1864178798107)",117.43312123760853,-31.18641787981067
Randwick (C),"c(151.237311202448, -33.923266677398)",151.2373112024481,-33.92326667739796
Stonnington (C),"c(145.035137961431, -37.8565528844336)",145.03513796143102,-37.85655288443365
Indigo (S),"c(146.722498845032, -36.225739713045)",146.72249884503165,-36.22573971304497
Kwinana (C),"c(115.828459635686, -32.2232128327447)",115.82845963568613,-32.223212832744665
Ballarat (C),"c(143.77692091088, -37.4900400299613)",143.77692091087974,-37.49004002996132
Canning (C),"c(115.922436761608, -32.0392548341063)",115.9224367616083,-32.03925483410631
Central Darling (A),"c(143.587420213433, -31.8436308532923)",143.58742021343315,-31.843630853292307
Greater Geelong (C),"c(144.419282902533, -38.0706475178279)",144.41928290253335,-38.070647517827936
Alpine (S),"c(146.978441959415, -36.8573889231995)",146.9784419594149,-36.85738892319953
Wagin (S),"c(117.367688783662, -33.2745350596618)",117.36768878366175,-33.27453505966176
East Gippsland (S),"c(148.29125038931, -37.3793004670757)",148.2912503893097,-37.37930046707568
Banana (S),"c(149.937700892962, -24.933446065163)",149.93770089296237,-24.933446065162983
Mornington Peninsula (S),"c(145.052616327577, -38.3293324642585)",145.0526163275769,-38.329332464258535
Temora (A),"c(147.489412103559, -34.3878736995496)",147.4894121035586,-34.387873699549644
Tenterfield (A),"c(152.084233642055, -28.9451172013557)",152.0842336420549,-28.945117201355735
Camden (A),"c(150.728017228949, -33.9939215479926)",150.72801722894903,-33.99392154799259
Ngaanyatjarraku (S),"c(126.835462121047, -25.0932737010382)",126.83546212104699,-25.093273701038225
Kempsey (A),"c(152.647956651034, -30.9545323533168)",152.64795665103426,-30.95453235331685
Woollahra (A),"c(151.25093730321, -33.8748959609464)",151.25093730321038,-33.87489596094644
Williams (S),"c(116.730087669542, -33.0701490808879)",116.73008766954167,-33.07014908088791
Nungarin (S),"c(118.212643486314, -31.146046287653)",118.21264348631408,-31.146046287653046
Willoughby (C),"c(151.187529016029, -33.8020033705566)",151.18752901602852,-33.80200337055657
Bega Valley (A),"c(149.720434394089, -36.8252777520744)",149.7204343940891,-36.825277752074435
Dorset (M),"c(147.705132335247, -41.0732547758016)",147.70513233524736,-41.073254775801644
West Wimmera (S),"c(141.278822299768, -36.6781683381997)",141.27882229976845,-36.678168338199704
Halls Creek (S),"c(127.61983204472, -19.2549497323838)",127.61983204472,-19.25494973238382
Boroondara (C),"c(145.068143416641, -37.8203998816765)",145.06814341664148,-37.82039988167647
Blackall-Tambo (R),"c(145.791147794826, -24.7867158402346)",145.79114779482632,-24.78671584023465
Nannup (S),"c(115.663795025677, -34.1307306224102)",115.66379502567669,-34.13073062241017
Whitsunday (R),"c(147.714495795438, -20.7060985485776)",147.71449579543773,-20.706098548577632
Northern Areas (DC),"c(138.509479845764, -33.2889330599673)",138.50947984576422,-33.28893305996735
MacDonnell (R),"c(133.155216853428, -24.6534300632448)",133.15521685342839,-24.653430063244812
Maitland (C),"c(151.53911932903, -32.7090333541118)",151.53911932903034,-32.70903335411177
Bulloo (S),"c(142.592302939685, -28.0218611509936)",142.59230293968528,-28.021861150993576
Campaspe (S),"c(144.716211826451, -36.3435912381289)",144.7162118264507,-36.3435912381289
Kalgoorlie/Boulder (C),"c(125.049667409388, -30.7667272931197)",125.04966740938801,-30.766727293119658
Mount Alexander (S),"c(144.200929205875, -37.0497406315543)",144.20092920587476,-37.049740631554315
Coolamon (A),"c(147.106952721242, -34.6309344327518)",147.1069527212419,-34.63093443275176
Cassowary Coast (R),"c(145.916776611156, -17.9539216059701)",145.91677661115622,-17.953921605970116
Kimba (DC),"c(136.143301345965, -33.0056847217607)",136.14330134596486,-33.005684721760716
Kyogle (A),"c(152.77818245635, -28.6191443734799)",152.7781824563503,-28.619144373479934
Darebin (C),"c(145.013616969615, -37.7325700776912)",145.01361696961513,-37.732570077691236
Strathfield (A),"c(151.077190137458, -33.874333778094)",151.077190137458,-33.87433377809404
Northern Grampians (S),"c(142.921546567066, -36.8430258214315)",142.92154656706595,-36.84302582143146
Cloncurry (S),"c(140.265070131768, -20.8117418322974)",140.26507013176752,-20.81174183229744
Narrandera (A),"c(146.57885592068, -34.6074513412493)",146.57885592067996,-34.60745134124933
Blue Mountains (C),"c(150.411787736324, -33.7029750953344)",150.4117877363241,-33.702975095334374
Maribyrnong (C),"c(144.877653439545, -37.7990468028978)",144.87765343954484,-37.79904680289777
Junee (A),"c(147.66946062055, -34.8214322839271)",147.66946062054978,-34.821432283927074
East Fremantle (T),"c(115.770137242113, -32.039033189631)",115.77013724211335,-32.03903318963096
Noosa (S),"c(152.949662704156, -26.3238026342819)",152.9496627041556,-26.3238026342819
Frankston (C),"c(145.173091124468, -38.1289365676138)",145.1730911244685,-38.12893656761385
Kiama (A),"c(150.76110923302, -34.6809730417726)",150.76110923301982,-34.680973041772596
Bland (A),"c(146.958862247763, -33.8953954421674)",146.95886224776334,-33.89539544216736
Quairading (S),"c(117.422342144005, -32.0070222775478)",117.42234214400509,-32.00702227754777
Macedon Ranges (S),"c(144.611830332925, -37.3394634539788)",144.61183033292522,-37.33946345397876
Mosman Park (T),"c(115.760278026923, -32.0127894252666)",115.76027802692259,-32.0127894252666
Whitehorse (C),"c(145.154079110439, -37.8304732858736)",145.15407911043886,-37.8304732858736
Balranald (A),"c(143.613384474836, -33.9483272933736)",143.61338447483556,-33.94832729337362
Streaky Bay (DC),"c(134.565439692898, -32.7055965298403)",134.56543969289817,-32.70559652984029
Leeton (A),"c(146.302829911472, -34.5316162976282)",146.30282991147246,-34.53161629762817
Melton (C),"c(144.626523154645, -37.6918455683725)",144.6265231546452,-37.691845568372464
Northern Midlands (M),"c(147.458208650567, -41.8389052860219)",147.45820865056746,-41.83890528602187
West Coast (M),"c(145.642037584981, -42.2920411740419)",145.6420375849809,-42.292041174041884
Gannawarra (S),"c(143.808381173017, -35.7539803811624)",143.80838117301735,-35.753980381162414
Bogan (A),"c(146.867017588068, -31.5332182372146)",146.8670175880684,-31.533218237214577
Wingecarribee (A),"c(150.359541927479, -34.4781702098367)",150.3595419274792,-34.478170209836726
Shellharbour (C),"c(150.777183683739, -34.5856452289818)",150.77718368373863,-34.58564522898177
Orange (C),"c(149.121653559736, -33.3237599499413)",149.12165355973622,-33.32375994994132
Gnowangerup (S),"c(118.288678548484, -34.0620651376336)",118.28867854848407,-34.06206513763356
Copper Coast (DC),"c(137.718267026176, -33.9845328922063)",137.7182670261756,-33.9845328922063
Kent (S),"c(118.569105860667, -33.5516443718499)",118.56910586066682,-33.55164437184993
Ryde (C),"c(151.112768315561, -33.8015032582189)",151.1127683155612,-33.80150325821889
Augusta-Margaret River (S),"c(115.22555398726, -34.029678230143)",115.22555398726041,-34.029678230142956
Mapoon (S),"c(141.901301718874, -12.1601391059407)",141.90130171887404,-12.160139105940674
Flinders Ranges (DC),"c(138.302938827687, -32.0722358027752)",138.30293882768711,-32.072235802775175
Light (RegC),"c(138.850710393089, -34.4120647214202)",138.85071039308903,-34.41206472142022
Fremantle (C),"c(115.7720488838, -32.0630863751174)",115.77204888379964,-32.06308637511741
Brookton (S),"c(116.999464571031, -32.3618626793662)",116.99946457103073,-32.361862679366155
Mount Marshall (S),"c(117.963551435284, -30.1782004281374)",117.9635514352838,-30.17820042813738
Unincorp. Other Territories,"c(115.690600375274, -17.9484530091119)",115.69060037527399,-17.94845300911191
Inverell (A),"c(151.068291720384, -29.3610154926743)",151.068291720384,-29.36101549267428
Diamantina (S),"c(139.735201077212, -24.6286222364975)",139.73520107721177,-24.628622236497495
Brewarrina (A),"c(146.959091605683, -29.7872944568891)",146.95909160568283,-29.787294456889075
Pingelly (S),"c(117.2200559468, -32.5217332882251)",117.22005594680012,-32.5217332882251
Tamworth Regional (A),"c(150.900449665156, -30.8889855839988)",150.90044966515575,-30.888985583998807
Kellerberrin (S),"c(117.81281027996, -31.5854423679782)",117.81281027995999,-31.585442367978192
Banyule (C),"c(145.078069422551, -37.7400164475434)",145.0780694225514,-37.740016447543354
Cairns (R),"c(145.818744489172, -17.1569918569699)",145.8187444891724,-17.156991856969885
Norwood Payneham St Peters (C),"c(138.63630272818, -34.906525052498)",138.63630272818023,-34.90652505249802
Merredin (S),"c(118.358653403787, -31.5151689090195)",118.35865340378695,-31.51516890901952
North Sydney (A),"c(151.213255571583, -33.8277766611025)",151.21325557158258,-33.82777666110255
Peterborough (DC),"c(139.06099931279, -32.8634034834242)",139.0609993127904,-32.86340348342415
Katanning (S),"c(117.682083120307, -33.6460004290686)",117.68208312030741,-33.64600042906855
Richmond Valley (A),"c(153.048296085245, -29.0607194177688)",153.04829608524477,-29.060719417768755
West Arnhem (R),"c(133.261859530185, -12.5120606367699)",133.26185953018543,-12.512060636769863
Corangamite (S),"c(143.196605576177, -38.2040143899018)",143.19660557617715,-38.204014389901765
Paroo (S),"c(145.773554909893, -28.0721395325248)",145.7735549098933,-28.072139532524808
Ararat (RC),"c(142.842241885338, -37.475249795191)",142.84224188533832,-37.47524979519097
Cottesloe (T),"c(115.758062786047, -31.9942654753959)",115.7580627860468,-31.994265475395874
Warrumbungle Shire (A),"c(149.405775215738, -31.4590218785519)",149.40577521573837,-31.459021878551866
Walkerville (M),"c(138.615902019168, -34.8957308228577)",138.61590201916803,-34.89573082285767
Lane Cove (A),"c(151.176056916817, -33.8199855771621)",151.1760569168166,-33.81998557716207
Yarriambiack (S),"c(142.416468873942, -35.9863594337542)",142.41646887394182,-35.9863594337542
Douglas (S),"c(145.288546296123, -16.2177962466501)",145.28854629612349,-16.217796246650067
Denmark (S),"c(117.118376014075, -34.8918881557563)",117.11837601407463,-34.89188815575627
Westonia (S),"c(118.654802240872, -30.965449349466)",118.65480224087158,-30.96544934946596
Blayney (A),"c(149.142945259707, -33.5897715660748)",149.14294525970686,-33.5897715660748
Wangaratta (RC),"c(146.428745580733, -36.5858489310433)",146.4287455807326,-36.585848931043316
Moree Plains (A),"c(149.628517104866, -29.2523033445787)",149.62851710486572,-29.25230334457872
Mackay (R),"c(148.793086939293, -21.1428764324235)",148.7930869392935,-21.142876432423478
Burdekin (S),"c(147.241263456745, -19.8267041005031)",147.24126345674495,-19.826704100503054
Hindmarsh (S),"c(141.750606225186, -36.0513902632584)",141.75060622518592,-36.05139026325842
Brisbane (C),"c(153.016882369223, -27.4597060966227)",153.01688236922314,-27.45970609662272
Moira (S),"c(145.539502762247, -36.0632748034654)",145.5395027622472,-36.0632748034654
Ceduna (DC),"c(133.875515183015, -32.100029676858)",133.87551518301458,-32.10002967685801
Litchfield (M),"c(131.118324386062, -12.5361540010796)",131.11832438606226,-12.536154001079629
Roxby Downs (M),"c(136.881496038029, -30.5597701966587)",136.8814960380292,-30.559770196658715
Anangu Pitjantjatjara (AC),"c(131.204751655496, -27.0809240629141)",131.20475165549593,-27.080924062914075
Renmark Paringa (DC),"c(140.813709436397, -34.1824317938521)",140.8137094363968,-34.182431793852125
Canada Bay (A),"c(151.104217721862, -33.8600528608606)",151.10421772186228,-33.86005286086056
Gunnedah (A),"c(150.19356694707, -31.0471986236787)",150.1935669470705,-31.04719862367875
South Gippsland (S),"c(146.06521957619, -38.6165975610207)",146.06521957619034,-38.61659756102068
Cue (S),"c(117.939612516869, -27.3143598683763)",117.9396125168691,-27.314359868376314
Uralla (A),"c(151.311219414092, -30.5111743857688)",151.31121941409222,-30.51117438576882
Tea Tree Gully (C),"c(138.716356628912, -34.808441331978)",138.71635662891183,-34.80844133197799
Boddington (S),"c(116.397978470245, -32.8171259957135)",116.39797847024504,-32.8171259957135
Trayning (S),"c(117.80747875621, -31.141335987766)",117.80747875621009,-31.14133598776605
Shoalhaven (C),"c(150.377199959265, -35.0936506776221)",150.37719995926486,-35.093650677622136
Goondiwindi (R),"c(150.339724739821, -28.3736340294432)",150.33972473982058,-28.373634029443245
Aurukun (S),"c(141.827422049957, -13.605240148348)",141.8274220499573,-13.605240148347981
Sandstone (S),"c(119.175901557542, -28.3341723013499)",119.17590155754158,-28.334172301349923
Unincorporated NSW,"c(142.221883739706, -30.6436288176808)",142.22188373970616,-30.643628817680785
Glen Innes Severn (A),"c(151.902682787806, -29.6430377371039)",151.90268278780644,-29.643037737103917
Bassendean (T),"c(115.943892803478, -31.9021026300191)",115.94389280347761,-31.90210263001909
Cardinia (S),"c(145.576587061582, -38.084349047974)",145.57658706158168,-38.08434904797402
Ballina (A),"c(153.487146057637, -28.8503263188615)",153.48714605763715,-28.850326318861544
Bayside (C),"c(145.018056540644, -37.9263691721471)",145.0180565406443,-37.926369172147126
Sydney (C),"c(151.202562536653, -33.8959836050108)",151.20256253665283,-33.89598360501078
Upper Hunter Shire (A),"c(150.727658193831, -31.9686021195384)",150.72765819383142,-31.968602119538364
Melville (C),"c(115.828332152132, -32.0575152177714)",115.82833215213192,-32.05751521777136
Barossa (DC),"c(139.001253773833, -34.6225218551693)",139.00125377383338,-34.622521855169325
Hume (C),"c(144.825091879213, -37.5855768122935)",144.8250918792135,-37.58557681229348
Narrabri (A),"c(149.56396927743, -30.3588233036061)",149.56396927743,-30.358823303606076
Greater Hume Shire (A),"c(147.173811653292, -35.7519029568732)",147.17381165329155,-35.75190295687318
Walcha (A),"c(151.781676148726, -31.1653498263032)",151.78167614872635,-31.165349826303178
Hepburn (S),"c(144.068004606106, -37.3159571891172)",144.068004606106,-37.31595718911724
Mount Barker (DC),"c(138.871030565818, -35.0872517116291)",138.87103056581785,-35.08725171162913
Franklin Harbour (DC),"c(136.965355378754, -33.5338112657069)",136.965355378754,-33.53381126570689
Cunderdin (S),"c(117.155157131508, -31.5995203021473)",117.15515713150808,-31.59952030214732
Circular Head (M),"c(145.023200632494, -41.1090191032925)",145.0232006324942,-41.10901910329252
Barkly (R),"c(135.077927866916, -19.4398205596625)",135.07792786691584,-19.439820559662493
Coober Pedy (DC),"c(134.748167812985, -29.0199461215827)",134.7481678129847,-29.019946121582738
Stirling (C),"c(115.819188412972, -31.8836633852006)",115.81918841297245,-31.883663385200567
Chapman Valley (S),"c(115.053065086184, -28.327790718907)",115.05306508618426,-28.327790718907004
Corrigin (S),"c(117.797435813606, -32.358423775614)",117.79743581360633,-32.35842377561398
Albury (C),"c(146.983103437803, -36.0207325979725)",146.983103437803,-36.020732597972504
Greater Dandenong (C),"c(145.191193835179, -38.0041423596073)",145.1911938351792,-38.0041423596073
Prospect (C),"c(138.598240725912, -34.8915961417593)",138.59824072591226,-34.89159614175926
Yarra (C),"c(145.003856708734, -37.8015000983375)",145.00385670873428,-37.801500098337456
Manningham (C),"c(145.196580924504, -37.7638693564134)",145.19658092450388,-37.76386935641337
Mornington (S),"c(139.40175870895, -16.6026784336081)",139.40175870894953,-16.602678433608062
Hay (A),"c(144.684667784313, -34.316431770422)",144.68466778431272,-34.316431770421964
Unincorporated ACT,"c(148.997506508823, -35.49254479883)",148.9975065088231,-35.49254479882998
Harvey (S),"c(115.905400326365, -33.1032992061112)",115.90540032636518,-33.103299206111224
Maroondah (C),"c(145.266367036664, -37.8136904939099)",145.26636703666358,-37.813690493909874
Woorabinda (S),"c(149.515951964116, -23.9437518682556)",149.51595196411637,-23.943751868255628
Southern Midlands (M),"c(147.400643280023, -42.4337285683347)",147.40064328002316,-42.43372856833465
Liverpool (C),"c(150.829452477744, -33.9371956879201)",150.82945247774353,-33.93719568792013
Towong (S),"c(147.601721317442, -36.353530459234)",147.60172131744207,-36.35353045923403
Richmond (S),"c(142.903920494847, -20.5370152526924)",142.90392049484697,-20.537015252692417
Unincorporated Vic,"c(145.337113518407, -38.3512294339585)",145.33711351840742,-38.351229433958515
Mandurah (C),"c(115.754058805069, -32.508825638774)",115.75405880506901,-32.50882563877399
Chittering (S),"c(116.084744458338, -31.3687747106759)",116.08474445833755,-31.368774710675936
Unley (C),"c(138.603347157738, -34.9549001102108)",138.60334715773797,-34.95490011021075
Southern Mallee (DC),"c(140.574013627601, -35.3937714722104)",140.5740136276014,-35.39377147221039
Koorda (S),"c(117.426546131907, -30.5916909462987)",117.42654613190682,-30.591690946298726
Onkaparinga (C),"c(138.569940231367, -35.1685791744539)",138.56994023136716,-35.16857917445385
Gingin (S),"c(115.700103944949, -31.195389650056)",115.70010394494881,-31.195389650055986
Greater Shepparton (C),"c(145.389766441091, -36.4028109373725)",145.3897664410906,-36.40281093737252
Break O'Day (M),"c(148.047712575543, -41.4188357660297)",148.04771257554316,-41.418835766029666
Bourke (A),"c(145.355723026457, -29.9092192703861)",145.35572302645673,-29.909219270386117
Mid-Western Regional (A),"c(149.739229678203, -32.5954567106031)",149.73922967820315,-32.59545671060312
Goulburn Mulwaree (A),"c(149.820589701564, -34.873890124958)",149.82058970156353,-34.87389012495804
Bridgetown-Greenbushes (S),"c(116.197482190281, -34.0056158801377)",116.19748219028105,-34.00561588013766
South Perth (C),"c(115.891035722137, -32.0002799648443)",115.89103572213656,-32.000279964844296
Yilgarn (S),"c(119.340867271538, -30.951930270173)",119.34086727153779,-30.951930270173012
Wickepin (S),"c(117.671656773788, -32.8020598078562)",117.67165677378783,-32.80205980785616
Dundas (S),"c(124.426807567454, -32.0306758598611)",124.42680756745372,-32.03067585986107
Cowra (A),"c(148.718802907725, -33.7951994429348)",148.71880290772484,-33.79519944293478
Ku-ring-gai (A),"c(151.156952601045, -33.7400997047253)",151.1569526010445,-33.740099704725324
Wollondilly (A),"c(150.4462255088, -34.1076101359417)",150.44622550879964,-34.10761013594169
Quilpie (S),"c(143.894236996565, -26.3490656104687)",143.89423699656464,-26.349065610468703
Jerramungup (S),"c(119.098708014824, -34.0652304618353)",119.0987080148238,-34.065230461835284
Lake Grace (S),"c(119.281738493732, -33.0615576397522)",119.28173849373206,-33.061557639752195
Warrnambool (C),"c(142.501313489573, -38.369037066867)",142.50131348957336,-38.36903706686699
Carpentaria (S),"c(141.368837692407, -17.4401534000592)",141.36883769240737,-17.440153400059188
Logan (C),"c(153.040289446161, -27.7637447204102)",153.0402894461613,-27.76374472041023
Hobart (C),"c(147.290199679945, -42.8955796632073)",147.2901996799451,-42.89557966320726
Lismore (C),"c(153.269718071489, -28.758511320915)",153.2697180714888,-28.758511320914984
Campbelltown (C) (NSW),"c(150.840256588898, -34.0881373794436)",150.84025658889763,-34.088137379443644
Flinders (S) (Qld),"c(144.322974701258, -20.9731981686786)",144.3229747012583,-20.973198168678636
Central Highlands (R) (Qld),"c(148.417079931153, -24.0275460147805)",148.41707993115253,-24.027546014780516
Kingston (DC) (SA),"c(140.024184285137, -36.6430978191472)",140.0241842851366,-36.643097819147165
Campbelltown (C) (SA),"c(138.680515039403, -34.8862666646608)",138.68051503940336,-34.88626666466077
Central Highlands (M) (Tas.),"c(146.645871745985, -42.2133507163287)",146.64587174598495,-42.213350716328705
Central Coast (M) (Tas.),"c(146.041851534616, -41.2852559473393)",146.04185153461577,-41.28525594733932
Coffs Harbour (C),"c(153.042070006826, -30.1921339046366)",153.04207000682646,-30.192133904636567
Roper Gulf (R),"c(134.641543890485, -15.4346339214194)",134.64154389048457,-15.43463392141941
Kingborough (M),"c(147.270828721311, -43.153988079953)",147.27082872131146,-43.153988079953
Monash (C),"c(145.146240430214, -37.8975383703941)",145.1462404302137,-37.89753837039412
Somerset (R),"c(152.427509978656, -27.0094368097105)",152.42750997865568,-27.009436809710543
Yarrabah (S),"c(145.88909573104, -17.0296655303766)",145.88909573103996,-17.02966553037658
Murray Bridge (RC),"c(139.298088631089, -35.158894484118)",139.29808863108877,-35.158894484117994
Balonne (S),"c(148.118933572709, -28.3167979169453)",148.11893357270915,-28.316797916945266
Waratah/Wynyard (M),"c(145.494642409864, -41.3843930997227)",145.49464240986384,-41.38439309972274
Redland (C),"c(153.366699582965, -27.5365102645084)",153.36669958296517,-27.53651026450843
Fraser Coast (R),"c(152.673953714468, -25.527507904894)",152.67395371446847,-25.527507904894037
Darwin (C),"c(130.89091497718, -12.3965184090428)",130.8909149771803,-12.396518409042832
Adelaide Plains (DC),"c(138.46048957907, -34.4775696437029)",138.46048957906962,-34.47756964370292
Belmont (C),"c(115.946841286755, -31.95677781156)",115.94684128675473,-31.956777811560016
Ipswich (C),"c(152.661188745007, -27.6660975896864)",152.66118874500697,-27.666097589686373
Derwent Valley (M),"c(146.421842747828, -42.8129974120803)",146.42184274782753,-42.81299741208025
Karratha (C),"c(117.045214559686, -21.0575253630704)",117.04521455968597,-21.05752536307044
Derby-West Kimberley (S),"c(124.980332103793, -17.7892024136081)",124.98033210379323,-17.789202413608113
Swan (C),"c(116.064702210151, -31.7432091768159)",116.06470221015118,-31.74320917681587
The Coorong (DC),"c(139.756885215203, -35.7146896439239)",139.7568852152029,-35.71468964392392
George Town (M),"c(147.025135764388, -41.1003590481226)",147.02513576438756,-41.10035904812259
York (S),"c(116.738476177543, -31.9276465649297)",116.73847617754255,-31.927646564929738
Cockburn (C),"c(115.833554233775, -32.1279720651874)",115.83355423377535,-32.12797206518742
Marion (C),"c(138.538843818045, -35.0161037788309)",138.53884381804545,-35.016103778830896
Port Stephens (A),"c(151.825817824507, -32.7246109740748)",151.82581782450677,-32.72461097407479
Naracoorte and Lucindale (DC),"c(140.547311122333, -36.975299796653)",140.54731112233327,-36.97529979665301
South Burnett (R),"c(151.645258151981, -26.400972750918)",151.64525815198076,-26.400972750918047
Burnie (C),"c(145.805339357267, -41.2215866030888)",145.80533935726692,-41.22158660308883
Charles Sturt (C),"c(138.525283888766, -34.8989573160701)",138.52528388876573,-34.89895731607009
Yass Valley (A),"c(148.889135278785, -34.9541227788884)",148.8891352787849,-34.95412277888842
Meander Valley (M),"c(146.487652930713, -41.6262226380554)",146.48765293071318,-41.62622263805544
Wagga Wagga (C),"c(147.356490355478, -35.1934797551238)",147.35649035547826,-35.193479755123825
Boyup Brook (S),"c(116.522610470496, -33.8897845092748)",116.52261047049609,-33.889784509274804
Pormpuraaw (S),"c(141.808002263014, -14.7175545383667)",141.80800226301358,-14.71755453836671
Waverley (A),"c(151.265970579963, -33.8861840025055)",151.26597057996344,-33.88618400250548
Gladstone (R),"c(151.305758515238, -24.1751946291287)",151.30575851523793,-24.175194629128686
Sorell (M),"c(147.698288023379, -42.7807213770036)",147.69828802337918,-42.780721377003594
Carrathool (A),"c(145.492083027547, -33.6078696238436)",145.49208302754658,-33.607869623843634
Tablelands (R),"c(145.329407155502, -17.9340388624307)",145.32940715550157,-17.934038862430743
Murrumbidgee (A),"c(145.728398864619, -34.9493801822251)",145.7283988646187,-34.949380182225084
Dubbo Regional (A),"c(148.851487359634, -32.4208434949634)",148.85148735963415,-32.42084349496339
Maranoa (R),"c(148.288059471922, -26.5402360168549)",148.2880594719224,-26.540236016854852
Scenic Rim (R),"c(152.797221435234, -28.0646259762913)",152.79722143523375,-28.06462597629134
Western Downs (R),"c(150.348016324581, -26.8424258967515)",150.34801632458084,-26.84242589675149
Cook (S),"c(143.248693648642, -14.2270529617342)",143.24869364864213,-14.227052961734218
Townsville (C),"c(146.705402340538, -19.3951916299368)",146.7054023405378,-19.395191629936836
Bunbury (C),"c(115.667567871118, -33.3573296305434)",115.66756787111785,-33.357329630543425
Ashburton (S),"c(116.729462945245, -22.4954891695764)",116.72946294524485,-22.495489169576366
Canterbury-Bankstown (A),"c(151.04241090683, -33.9188879602068)",151.0424109068295,-33.91888796020683
Mareeba (S),"c(143.954046630694, -16.9860240632219)",143.95404663069394,-16.986024063221883
Tasman (M),"c(147.833452410364, -43.0607291540338)",147.8334524103641,-43.0607291540338
Brighton (M),"c(147.251349031688, -42.7176969718853)",147.2513490316884,-42.717696971885275
Broome (S),"c(122.464485198041, -18.6713713449647)",122.46448519804096,-18.671371344964736
Mid-Coast (A),"c(152.097743303282, -32.0193660338203)",152.09774330328162,-32.01936603382026
Port Macquarie-Hastings (A),"c(152.533743474918, -31.4105321991586)",152.53374347491763,-31.410532199158617
Shark Bay (S),"c(114.535614736793, -26.5435654838398)",114.53561473679345,-26.543565483839796
Cootamundra-Gundagai Regional (A),"c(148.098929450166, -34.855070627523)",148.09892945016648,-34.85507062752301
Salisbury (C),"c(138.612190266355, -34.7680868598523)",138.61219026635524,-34.76808685985233
Robe (DC),"c(139.982086598091, -37.1871621902012)",139.9820865980907,-37.1871621902012
Carnarvon (S),"c(114.394283227201, -24.3433423629378)",114.39428322720133,-24.343342362937758
Hope Vale (S),"c(145.185154740533, -15.1618457611168)",145.18515474053277,-15.161845761116831
Unincorporated NT,"c(131.182691823495, -13.101617488956)",131.18269182349465,-13.101617488956006
Georges River (A),"c(151.091797621343, -33.9673538524273)",151.09179762134306,-33.96735385242727
Unincorporated SA,"c(136.75451209063, -29.5774952544918)",136.7545120906297,-29.577495254491847
Bundaberg (R),"c(152.037690370071, -24.9667994754725)",152.0376903700709,-24.966799475472534
Whyalla (C),"c(137.493166250744, -33.0380752857335)",137.4931662507441,-33.03807528573348
Lockhart River (S),"c(143.237238300147, -13.0037837922114)",143.2372383001472,-13.003783792211385
Port Augusta (C),"c(137.754923849805, -32.5875120338767)",137.75492384980512,-32.587512033876706
Esperance (S),"c(122.247521851417, -33.2247948029382)",122.24752185141698,-33.22479480293821
Murray River (A),"c(144.202911118023, -35.3193257455636)",144.20291111802308,-35.3193257455636
Cumberland (A),"c(150.988984917946, -33.8373714532161)",150.98898491794552,-33.837371453216065
Northern Beaches (A),"c(151.24843109071, -33.6917148019799)",151.2484310907095,-33.691714801979884
Snowy Valleys (A),"c(148.248773327718, -35.7319126065117)",148.24877332771837,-35.731912606511685
Parramatta (C),"c(151.032611173675, -33.796870998886)",151.0326111736754,-33.79687099888596
Hilltops (A),"c(148.499331815972, -34.3517511941545)",148.49933181597157,-34.35175119415446
Snowy Monaro Regional (A),"c(148.960104927341, -36.393884403713)",148.96010492734112,-36.393884403713
Queanbeyan-Palerang Regional (A),"c(149.626762547246, -35.4217796125802)",149.62676254724624,-35.421779612580224
Federation (A),"c(146.271450426356, -35.4948336664422)",146.27145042635598,-35.494833666442204
Central Coast (C) (NSW),"c(151.286695714744, -33.3115590650512)",151.28669571474413,-33.31155906505124
Armidale Regional (A),"c(151.826051452932, -30.3364307822423)",151.82605145293175,-30.336430782242275
Greater Geraldton (C),"c(115.503245546889, -28.5602943445106)",115.5032455468892,-28.560294344510567
Victoria Daly (R),"c(130.661342974951, -16.2398167646622)",130.66134297495117,-16.239816764662173
Northampton (S),"c(114.64443390774, -27.7545921140352)",114.6444339077403,-27.75459211403518
The Hills Shire (A),"c(150.964345348867, -33.5885554346616)",150.96434534886666,-33.58855543466156
West Daly (R),"c(130.05878282432, -14.2241342412686)",130.05878282432016,-14.224134241268628
Wodonga (C),"c(146.889284657772, -36.1466183074712)",146.8892846577718,-36.14661830747117
Inner West (A),"c(151.149504577951, -33.8948157625907)",151.14950457795132,-33.894815762590675
Narrogin (S),"c(117.260431672459, -32.9948124093438)",117.26043167245884,-32.99481240934384
Edward River (A),"c(144.940781959691, -35.1708197815723)",144.94078195969095,-35.17081978157235
Hornsby (A),"c(151.097029829456, -33.5910523758418)",151.09702982945583,-33.59105237584182
